user_app,messages_number,chats_number,messages_per_chat
Desktop,10607,6548,1.619883934025656689
Mobile,43279,28649,1.510663548465915041
