app,gender,more_then_2_sessions
mobile,m,42.352224253503960999
mobile,f,39.890377588306942753
desktop,m,35.214085634253701481
